Video Title,Comment,Processed_Comment,English_Translation,Polarity,Sentiment,Compound_Terms,Aspect_Terms,Aspect_Sentiments
@TanmayBhatYT & The OG Gang REACT To MAAMLA LEGAL HAI! ğŸ˜‚ | Netflix India,"Tanmay, Samay have common  ""May"" Netflix love may month",tanmay samay common may netflix love may month,Tanmay Samay Common May Netflix Love May Month,0.6369,Positive,"['Tanmay', 'Samay', 'Common', 'May', 'Netflix', 'May']",[],{}
@TanmayBhatYT & The OG Gang REACT To MAAMLA LEGAL HAI! ğŸ˜‚ | Netflix India,"7:42 nidhi razdan , harvard University ğŸ˜‚ğŸ˜‚ğŸ˜‚ kis kis ko reference pta hai",nidhi razdan harvard university ki ki ko reference pta hai,Nidhi Razdan Harvard University Know Refrains,0.0,Neutral,"['Razdan', 'Harvard', 'Know']",[],{}
@TanmayBhatYT & The OG Gang REACT To MAAMLA LEGAL HAI! ğŸ˜‚ | Netflix India,Why didn't you invite mojorojo? Not fair.,didnt invite mojorojo fair,Didnâ€™t Invite Mojorojo Fair,0.4404,Positive,['Mojorojo'],[],{}
@TanmayBhatYT & The OG Gang REACT To MAAMLA LEGAL HAI! ğŸ˜‚ | Netflix India,Great showğŸ‰,great show,great show,0.6249,Positive,[],['show'],{'show': 'Neutral'}
@TanmayBhatYT & The OG Gang REACT To MAAMLA LEGAL HAI! ğŸ˜‚ | Netflix India,I AM SORRY BUT THERE''S NO OG GANG WITHOUT ROHAN JOSHI!!,sorry there og gang without rohan joshi,sory there og Gang without rohan joshi,0.0,Neutral,['rohan'],[],{}
@TanmayBhatYT & The OG Gang REACT To MAAMLA LEGAL HAI! ğŸ˜‚ | Netflix India,Udta panjab,udta panjab,Flying Punjab,0.0,Neutral,['Flying'],[],{}
@TanmayBhatYT & The OG Gang REACT To MAAMLA LEGAL HAI! ğŸ˜‚ | Netflix India,Singh is king me Dass sad singh hta ha !,singh king das sad singh hta ha,Singh King Dus Singh Singh Hatai Ha,0.34,Positive,"['Singh', 'King', 'Dus', 'Singh', 'Singh', 'Hatai']",[],{}
@TanmayBhatYT & The OG Gang REACT To MAAMLA LEGAL HAI! ğŸ˜‚ | Netflix India,KraY,kray,kray,0.0,Neutral,[],[],{}
@TanmayBhatYT & The OG Gang REACT To MAAMLA LEGAL HAI! ğŸ˜‚ | Netflix India,its only me or others also feel like ravi kishan is acting  like salman khan,others also feel like ravi kishan acting like salman khan,others also feel like Ravi kishan acting like salman khan,0.6124,Positive,['salman'],"['others', 'Ravi']","{'others': 'Neutral', 'Ravi': 'Neutral'}"
@TanmayBhatYT & The OG Gang REACT To MAAMLA LEGAL HAI! ğŸ˜‚ | Netflix India,Bad ye log ko gandy hasi jhelna mushkil hai,bad ye log ko gandy hasi jhelna mushkil hai,After these people are difficult to face dirty laughter,-0.296,Negative,[],"['people', 'laughter']","{'people': 'Neutral', 'laughter': 'Neutral'}"
@TanmayBhatYT & The OG Gang REACT To MAAMLA LEGAL HAI! ğŸ˜‚ | Netflix India,This show is awesome! Start to finish it leaves you with a happy vibe.,show awesome start finish leaf happy vibe,Show Awesome Start Finish Leaf Happy Vibe,0.8316,Positive,"['Awesome', 'Start', 'Finish', 'Leaf', 'Happy']",[],{}
@TanmayBhatYT & The OG Gang REACT To MAAMLA LEGAL HAI! ğŸ˜‚ | Netflix India,Sacred game me Saif Ali Khaan ek serious sikh tha,sacred game saif ali khaan ek serious sikh tha,Sacred game saif ali khan ek serial sikha tha,0.0,Neutral,"['ek', 'serial', 'sikha']","['game', 'saif']","{'game': 'Negative', 'saif': 'Neutral'}"
@TanmayBhatYT & The OG Gang REACT To MAAMLA LEGAL HAI! ğŸ˜‚ | Netflix India,"TVF = Simple, clean and touching",tvf simple clean touching,TVF Simple Clean Touching,0.4019,Positive,"['TVF', 'Simple', 'Clean']",[],{}
@TanmayBhatYT & The OG Gang REACT To MAAMLA LEGAL HAI! ğŸ˜‚ | Netflix India,Iske bare mein to mere ko maloom hi nahin tha,iske bare mein mere ko maloom hi nahin tha,I did not know about it,0.0,Neutral,[],[],{}
@TanmayBhatYT & The OG Gang REACT To MAAMLA LEGAL HAI! ğŸ˜‚ | Netflix India,"Netflix stop bringing this format.. it's annoying. Nobidy wants to see tanmay. 
I mean, have some class Netflix.",netflix stop bringing format annoying nobidy want see tanmay mean class netflix,Netflix Stop Bringing Format Annoying Nobody Wants See Tanmay Meaning Class Netflix,-0.5994,Negative,"['Bringing', 'Format', 'Annoying', 'Tanmay', 'Meaning', 'Class']",[],{}
@TanmayBhatYT & The OG Gang REACT To MAAMLA LEGAL HAI! ğŸ˜‚ | Netflix India,How did you manage to get Vishal bhai to give that reaction for thumbnail?,manage get vishal bhai give reaction thumbnail,Manage Get Vishal Bhai Give Reaction Thumbnail,0.0,Neutral,"['Vishal', 'Bhai', 'Give', 'Reaction']",[],{}
@TanmayBhatYT & The OG Gang REACT To MAAMLA LEGAL HAI! ğŸ˜‚ | Netflix India,Video sahi nahi lagti ab,video sahi nahi lagti ab,The video doesn't seem right now,0.0,Neutral,[],['video'],{'video': 'Neutral'}
@TanmayBhatYT & The OG Gang REACT To MAAMLA LEGAL HAI! ğŸ˜‚ | Netflix India,Is it technical guruji,technical guruji,Technical guru,0.0,Neutral,[],['guru'],{'guru': 'Neutral'}
@TanmayBhatYT & The OG Gang REACT To MAAMLA LEGAL HAI! ğŸ˜‚ | Netflix India,Missing Prisoner OPğŸ˜¢,missing prisoner op,Missing Prisoneer Op,-0.296,Negative,['Prisoneer'],[],{}
@TanmayBhatYT & The OG Gang REACT To MAAMLA LEGAL HAI! ğŸ˜‚ | Netflix India,12:45  anyone see black water?,anyone see black water,anyone see black water,0.0,Neutral,[],['water'],{'water': 'Neutral'}
@TanmayBhatYT & The OG Gang REACT To MAAMLA LEGAL HAI! ğŸ˜‚ | Netflix India,Piyush â¤ï¸â¤ï¸,piyush,piyush,0.0,Neutral,[],['piyush'],{'piyush': 'Neutral'}
@TanmayBhatYT & The OG Gang REACT To MAAMLA LEGAL HAI! ğŸ˜‚ | Netflix India,"promotion to bahana hai, netflix show dekh k bhi paise kamana hai",promotion bahana hai netflix show dekh k bhi paisa kamana hai,Promotion excuse is to earn money to watch Netflix show,0.0772,Positive,[],"['Promotion', 'excuse', 'money']","{'Promotion': 'Neutral', 'excuse': 'Negative', 'money': 'Neutral'}"
@TanmayBhatYT & The OG Gang REACT To MAAMLA LEGAL HAI! ğŸ˜‚ | Netflix India,I had loved this series. Only Indian stuff I watched on Netflix.,loved series indian stuff watched netflix,Loved Series Indian Stuff Watched Netflix,0.5994,Positive,"['Loved', 'Series', 'Indian']",[],{}
@TanmayBhatYT & The OG Gang REACT To MAAMLA LEGAL HAI! ğŸ˜‚ | Netflix India,4:57  Nidhi Bisht is an actual lawyer irlâ¤,nidhi bisht actual lawyer irl,Nidhi Bisht Act Lawyer Rural,0.0,Neutral,"['Nidhi', 'Bisht', 'Act', 'Lawyer']",[],{}
@TanmayBhatYT & The OG Gang REACT To MAAMLA LEGAL HAI! ğŸ˜‚ | Netflix India,Kullu pose on Aka writer op ğŸ¤£ğŸ¤£,kullu pose aka writer op,Kullu Pose Aka Writer Op,0.0,Neutral,"['Kullu', 'Pose', 'Aka', 'Writer']",[],{}
@TanmayBhatYT & The OG Gang REACT To MAAMLA LEGAL HAI! ğŸ˜‚ | Netflix India,Netflix bhatt â¤ï¸,netflix bhatt,Netflix Bhatt,0.0,Neutral,['Netflix'],[],{}
@TanmayBhatYT & The OG Gang REACT To MAAMLA LEGAL HAI! ğŸ˜‚ | Netflix India,Court m light toh bdhia aati har par à¤®à¤¨ à¤­à¥‡à¤¦ jaati h ğŸ™‚,court light toh bdhia aati har par jaati h,Court light toh goes to everyone,0.0,Neutral,[],"['Court', 'light', 'toh']","{'Court': 'Neutral', 'light': 'Positive', 'toh': 'Neutral'}"
@TanmayBhatYT & The OG Gang REACT To MAAMLA LEGAL HAI! ğŸ˜‚ | Netflix India,Pehle ye batao iss reaction panel mey Bassi kyu nehi hain?,pehle ye batao i reaction panel mey basso kyu nehi hain,"First tell this, why are there no buses in the reaction panel",-0.296,Negative,[],"['buses', 'reaction', 'panel']","{'buses': 'Neutral', 'reaction': 'Neutral', 'panel': 'Neutral'}"
@TanmayBhatYT & The OG Gang REACT To MAAMLA LEGAL HAI! ğŸ˜‚ | Netflix India,"Bassi lawyer hai, usse bula tha, aur maza aata",basso lawyer hai usse bula tha aur maza aata,Buso Lawyer said to him and enjoyed it,0.5106,Positive,['Buso'],[],{}
@TanmayBhatYT & The OG Gang REACT To MAAMLA LEGAL HAI! ğŸ˜‚ | Netflix India,Tanmay Bhatt is a brand Ambassador of NetflixğŸ˜‚ğŸ˜‚ğŸ˜‚,tanmay bhatt brand ambassador netflix,Tanmay Bhatt Brand Ambassador Netflix,0.0,Neutral,"['Tanmay', 'Bhatt', 'Brand', 'Ambassador']",[],{}
@TanmayBhatYT & The OG Gang REACT To MAAMLA LEGAL HAI! ğŸ˜‚ | Netflix India,Yo Yo Honey Singh paaji ka documentry daalo yaar please â¤,yo yo honey singh paaji ka documentry daalo yaar please,Yo Yo Honey Singh Paaji's Dokuntry Dalo Yaar Please,0.3182,Positive,"['Yo', 'Yo', 'Singh', 'Dokuntry', 'Dalo', 'Yaar']",[],{}
@TanmayBhatYT & The OG Gang REACT To MAAMLA LEGAL HAI! ğŸ˜‚ | Netflix India,Paiso ke liye kitna jhooth bolna padta hai..ğŸ˜‚ğŸ˜‚ .. quite an avg series except for few scenes and dialogues.. story toh chod he do..,paiso ke liye kitna jhooth bolna padta hai quite avg series except scene dialogue story toh chod,"How much money does it have to lie for money, how to leave the series across scan dialogue story toh",-0.0516,Negative,[],"['money', 'money', 'series', 'dialogue', 'story', 'toh']","{'money': 'Neutral', 'series': 'Neutral', 'dialogue': 'Neutral', 'story': 'Neutral', 'toh': 'Neutral'}"
@TanmayBhatYT & The OG Gang REACT To MAAMLA LEGAL HAI! ğŸ˜‚ | Netflix India,Loved this show â¤,loved show,Loved show,0.5994,Positive,[],['show'],{'show': 'Neutral'}
@TanmayBhatYT & The OG Gang REACT To MAAMLA LEGAL HAI! ğŸ˜‚ | Netflix India,shandaar reaction ğŸ˜‚,shandaar reaction,shandaar reaction,0.0,Neutral,[],"['shandaar', 'reaction']","{'shandaar': 'Neutral', 'reaction': 'Neutral'}"
@TanmayBhatYT & The OG Gang REACT To MAAMLA LEGAL HAI! ğŸ˜‚ | Netflix India,"A random request, but i kinda want to see the og gang react to horror clips or movies. Idk whyğŸ˜­",random request kinda want see og gang react horror clip movie idk,Random request Kinda Want See OG Gang React Horror Clip Movie Idk,-0.624,Negative,"['OG', 'Gang', 'React', 'Horror', 'Clip', 'Movie']",['request'],{'request': 'Neutral'}
@TanmayBhatYT & The OG Gang REACT To MAAMLA LEGAL HAI! ğŸ˜‚ | Netflix India,Copy of rake.,copy rake,copy rake,0.0,Neutral,[],"['copy', 'rake']","{'copy': 'Neutral', 'rake': 'Neutral'}"
@TanmayBhatYT & The OG Gang REACT To MAAMLA LEGAL HAI! ğŸ˜‚ | Netflix India,Isko dekh ke lag raha hai ki ek law-day bhi hona chahiye.ğŸ˜‚,isko dekh ke lag raha hai ki ek lawday bhi hona chahiye,"Looking at it, it seems that there should be a loud",0.0,Neutral,[],[],{}
@TanmayBhatYT & The OG Gang REACT To MAAMLA LEGAL HAI! ğŸ˜‚ | Netflix India,Tanmay's more consistent here rather than his own channel ğŸ¥²,tanmays consistent rather channel,Tanmays Consistent Rather Channel,0.0,Neutral,"['Consistent', 'Rather']",['Tanmays'],{'Tanmays': 'Neutral'}
@TanmayBhatYT & The OG Gang REACT To MAAMLA LEGAL HAI! ğŸ˜‚ | Netflix India,Hasna tha kya bro?ğŸ¤”,hasna tha kya bro,Was BRO,0.0,Neutral,[],[],{}
@TanmayBhatYT & The OG Gang REACT To MAAMLA LEGAL HAI! ğŸ˜‚ | Netflix India,kin chutiyo ko series dkhne ko bol diya...must watch series h,kin chutiyo ko series dkhne ko bol diyamust watch series h,Kin Chutiyo to see the series Diyamasta Watch Series:,0.0,Neutral,"['Kin', 'Diyamasta', 'Watch']",['series'],{'series': 'Neutral'}
@TanmayBhatYT & The OG Gang REACT To MAAMLA LEGAL HAI! ğŸ˜‚ | Netflix India,How to get Netflix admin's job?ğŸ˜‚,get netflix admins job,Get Netflix Admins Job,0.0,Neutral,"['Netflix', 'Admins']",[],{}
@TanmayBhatYT & The OG Gang REACT To MAAMLA LEGAL HAI! ğŸ˜‚ | Netflix India,Still less views than his channel.,still le view channel,Still Le View Channel,0.0,Neutral,"['Le', 'View']",[],{}
@TanmayBhatYT & The OG Gang REACT To MAAMLA LEGAL HAI! ğŸ˜‚ | Netflix India,Why vishal is opening his mouth here but not in tanmay channel.. paisa bolta hai and bulwata hai,vishal opening mouth tanmay channel paisa bolta hai bulwata hai,The huge opening mouth tanmay channels calls money,0.3182,Positive,['tanmay'],"['opening', 'mouth', 'channels', 'money']","{'opening': 'Neutral', 'mouth': 'Neutral', 'channels': 'Neutral', 'money': 'Neutral'}"
@TanmayBhatYT & The OG Gang REACT To MAAMLA LEGAL HAI! ğŸ˜‚ | Netflix India,Happy to see this. I play the character of â€œLawâ€ in the show :),happy see play character law show,Happy See Play Character Law Show,0.7269,Positive,"['Character', 'Law']",['See'],{'See': 'Neutral'}
@TanmayBhatYT & The OG Gang REACT To MAAMLA LEGAL HAI! ğŸ˜‚ | Netflix India,"Did Kullu say CHEMO laga ke, instead of chroma laga ke ğŸ˜¶ 12:57",kullu say chemo laga ke instead chroma laga ke,Kullu from Chemo Laga of Instad Croma Laga,0.0,Neutral,"['Chemo', 'Instad', 'Croma']",[],{}
@TanmayBhatYT & The OG Gang REACT To MAAMLA LEGAL HAI! ğŸ˜‚ | Netflix India,"These guys reaction is soo scripted, anyone noticed?",guy reaction soo scripted anyone noticed,Guy reaction sooo scripted anyone noticed,0.0,Neutral,['Guy'],"['reaction', 'sooo']","{'reaction': 'Neutral', 'sooo': 'Neutral'}"
@TanmayBhatYT & The OG Gang REACT To MAAMLA LEGAL HAI! ğŸ˜‚ | Netflix India,Inhone Nishanth bhai ko nikal dala,inhone nishanth bhai ko nikal dala,He removed Nishant Bhai,0.0,Neutral,['Nishant'],[],{}
@TanmayBhatYT & The OG Gang REACT To MAAMLA LEGAL HAI! ğŸ˜‚ | Netflix India,Netflix trying to give me savage reply but mamla legal ho jayega,netflix trying give savage reply mamla legal ho jayega,Netflix Triing Give Savez Reply case will be legal,0.128,Positive,"['Netflix', 'Triing', 'Give', 'Savez', 'Reply']",['case'],{'case': 'Neutral'}
@TanmayBhatYT & The OG Gang REACT To MAAMLA LEGAL HAI! ğŸ˜‚ | Netflix India,Piyush is so unfunny that everytime he cracks a joke it become an awkward moment for everyone,piyush unfunny everytime crack joke become awkward moment everyone,Piyush unfunny everytime crack joke become awkward moment everyone,0.1531,Positive,[],"['everytime', 'crack', 'joke', 'moment']","{'everytime': 'Neutral', 'crack': 'Neutral', 'joke': 'Neutral', 'moment': 'Neutral'}"
@TanmayBhatYT & The OG Gang REACT To MAAMLA LEGAL HAI! ğŸ˜‚ | Netflix India,Netflix mai backhedi karta h motusğŸ˜‚ğŸ˜‚ğŸ˜‚,netflix mai backhedi karta h motus,Netflix May Bachakhedi Motes,0.0,Neutral,"['Netflix', 'May', 'Bachakhedi']",[],{}
@TanmayBhatYT & The OG Gang REACT To MAAMLA LEGAL HAI! ğŸ˜‚ | Netflix India,Season 2 ka  ayega iska?,season ka ayega iska,It will come for the season,0.0,Neutral,[],['season'],{'season': 'Neutral'}
@TanmayBhatYT & The OG Gang REACT To MAAMLA LEGAL HAI! ğŸ˜‚ | Netflix India,You should add Anubhav bassi in tanmay reaction panel it will be funnâ¤â¤â¤â¤â¤â¤,add anubhav basso tanmay reaction panel funn,Add anubhav basso tanmay reaction panel funn,0.0,Neutral,"['reaction', 'panel']","['anubhav', 'basso']","{'anubhav': 'Neutral', 'basso': 'Neutral'}"
@TanmayBhatYT & The OG Gang REACT To MAAMLA LEGAL HAI! ğŸ˜‚ | Netflix India,patpadganj to mere gaam ko naam hai ğŸ˜‚ğŸ˜‚ğŸ˜‚,patpadganj mere gaam ko naam hai,Patparganj is the name of my gam,0.0,Neutral,[],"['name', 'gam']","{'name': 'Neutral', 'gam': 'Neutral'}"
@TanmayBhatYT & The OG Gang REACT To MAAMLA LEGAL HAI! ğŸ˜‚ | Netflix India,Donnaâ¤,donna,donna,0.0,Neutral,[],['donna'],{'donna': 'Neutral'}
@TanmayBhatYT & The OG Gang REACT To MAAMLA LEGAL HAI! ğŸ˜‚ | Netflix India,@gyaani2.0 bhai tumhara og gang to chori ho gaya,gyaani bhai tumhara og gang chori ho gaya,Gyani Bhai Your Vog Gang is stolen,-0.4939,Negative,"['Gyani', 'Vog']",[],{}
@TanmayBhatYT & The OG Gang REACT To MAAMLA LEGAL HAI! ğŸ˜‚ | Netflix India,"Apart from your other reaction vidoes which we all obviously love/like, but this one is also good move given that people have watched it before and can relate it. Keep it up @Tanmay team. ",apart reaction vidoes obviously lovelike one also good move given people watched relate keep tanmay team,Apart reaction videos obvious love like one,0.7717,Positive,[],"['reaction', 'videos', 'love']","{'reaction': 'Neutral', 'videos': 'Neutral', 'love': 'Positive'}"
@TanmayBhatYT & The OG Gang REACT To MAAMLA LEGAL HAI! ğŸ˜‚ | Netflix India,Abhi Tak tu Dilli Wale sardar se Mila hai kisi din real sadar se milne chalne jana Punjab pta chal jayega sadar ji kyu bulate hai ğŸ˜…,abhi tak tu dilli wale sardar se mila hai kisi din real sadar se milne chalne jana punjab pta chal jayega sadar ji kyu bulate hai,"So far, you have met the Delhi Sardar, someday, going to meet the real Sadar, Punjab will know why Sadar ji calls.",0.0,Neutral,"['Delhi', 'Sadar']",[],{}
@TanmayBhatYT & The OG Gang REACT To MAAMLA LEGAL HAI! ğŸ˜‚ | Netflix India,I wish they could get Ravi Kishan as well,wish could get ravi kishan well,Wish also get ravi kishan well,0.5859,Positive,[],['ravi'],{'ravi': 'Neutral'}
@TanmayBhatYT & The OG Gang REACT To MAAMLA LEGAL HAI! ğŸ˜‚ | Netflix India,ye show bohot badhiya laga bohot sare curious cases ğŸ˜‚ğŸ˜‚,ye show bohot badhiya laga bohot sare curious case,This show is very good,0.4927,Positive,[],['show'],{'show': 'Neutral'}
@TanmayBhatYT & The OG Gang REACT To MAAMLA LEGAL HAI! ğŸ˜‚ | Netflix India,tanmay bought netflix too,tanmay bought netflix,tanmay boght netflix,0.0,Neutral,['boght'],[],{}
@TanmayBhatYT & The OG Gang REACT To MAAMLA LEGAL HAI! ğŸ˜‚ | Netflix India,where's Nishant?,wheres nishant,Whats Nishant,0.0,Neutral,[],[],{}
@TanmayBhatYT & The OG Gang REACT To MAAMLA LEGAL HAI! ğŸ˜‚ | Netflix India,"So unfunny, even Tanmay couldn't make it funny.",unfunny even tanmay couldnt make funny,Unfunny even tanmay couldnight make funny,0.4404,Positive,['tanmay'],['couldnight'],{'couldnight': 'Neutral'}
@TanmayBhatYT & The OG Gang REACT To MAAMLA LEGAL HAI! ğŸ˜‚ | Netflix India,Piyush bhai kohra web series dekho sacred game bhool gye,piyush bhai kohra web series dekho sacred game bhool gye,Piyush Bhai Kohra Web Series Watch Sacred Games forgot,0.0,Neutral,"['Piyush', 'Bhai', 'Kohra', 'Web', 'Series', 'Watch', 'Sacred']",[],{}
@TanmayBhatYT & The OG Gang REACT To MAAMLA LEGAL HAI! ğŸ˜‚ | Netflix India,Best new series in a while!,best new series,Best new series,0.6369,Positive,[],['series'],{'series': 'Neutral'}
@TanmayBhatYT & The OG Gang REACT To MAAMLA LEGAL HAI! ğŸ˜‚ | Netflix India,4:03 iska exam clear ho gya kya ğŸ˜‚,iska exam clear ho gya kya,Has its exam cleared,0.1027,Positive,[],['exam'],{'exam': 'Neutral'}
@TanmayBhatYT & The OG Gang REACT To MAAMLA LEGAL HAI! ğŸ˜‚ | Netflix India,tanmay bhai i think you should be similarly consistent with both the channelsğŸ¤£,tanmay bhai think similarly consistent channel,Tanmay Bhai Think Similarly Consistency Channel,0.0,Neutral,"['Tanmay', 'Similarly', 'Consistency']",[],{}
@TanmayBhatYT & The OG Gang REACT To MAAMLA LEGAL HAI! ğŸ˜‚ | Netflix India,dekha dekha mast hai bohot usme tvf ki ek madam meri fav hai jo waqueel rehti hai she is my fav(nidhi bisht),dekha dekha mast hai bohot usme tvf ki ek madam meri fav hai jo waqueel rehti hai favnidhi bisht,"Dekh dekha hai hai bohot is a madam of tawaf in it, there is my father",0.0,Neutral,"['Dekh', 'dekha', 'hai', 'hai']","['madam', 'tawaf', 'father']","{'madam': 'Neutral', 'tawaf': 'Neutral', 'father': 'Neutral'}"
@TanmayBhatYT & The OG Gang REACT To MAAMLA LEGAL HAI! ğŸ˜‚ | Netflix India,Looks like a nonsense movie. Could not tolerate the short clips also.,look like nonsense movie could tolerate short clip also,Look like Nonsense Movie Could Tolerate Short Clip also,-0.0516,Negative,"['Nonsense', 'Short']",[],{}
@TanmayBhatYT & The OG Gang REACT To MAAMLA LEGAL HAI! ğŸ˜‚ | Netflix India,Bhae bassi ko bulana tha Mazza ata,bhae basso ko bulana tha mazza ata,Bhaye Buso had to be called,0.0,Neutral,['Bhaye'],[],{}
@TanmayBhatYT & The OG Gang REACT To MAAMLA LEGAL HAI! ğŸ˜‚ | Netflix India,One of my favourite series. Finished in one go.,one favourite series finished one go,One favor series Finished One Go,0.4019,Positive,[],"['favor', 'series']","{'favor': 'Neutral', 'series': 'Neutral'}"
@TanmayBhatYT & The OG Gang REACT To MAAMLA LEGAL HAI! ğŸ˜‚ | Netflix India,Ravi kishan ke dekhungaâ¤ğŸ˜…,ravi kishan ke dekhunga,I will see Ravi Kishan,0.0,Neutral,['Ravi'],[],{}
@TanmayBhatYT & The OG Gang REACT To MAAMLA LEGAL HAI! ğŸ˜‚ | Netflix India,Seems like they didnt have fun,seems like didnt fun,Seems like did,0.3612,Positive,[],[],{}
@TanmayBhatYT & The OG Gang REACT To MAAMLA LEGAL HAI! ğŸ˜‚ | Netflix India,"zindagi jhand ba phir bhi ghamand ba - quoted some more than a hundred time Ravi Kishan said during his time in early season of Big Boss season, I was easily became his fan. And this was the best of his work. And overall this season is one of the best ever produced by Netflix India!",zindagi jhand ba phir bhi ghamand ba quoted hundred time ravi kishan said time early season big bos season easily became fan best work overall season one best ever produced netflix india,Zindagi jhand ba phir bhi ghamand ba quoted hundred time ravi kishan said time early season big bos season economy,0.0,Neutral,"['Zindagi', 'bhi', 'bos']","['jhand', 'phir', 'time', 'ravi', 'time', 'season', 'season', 'economy']","{'jhand': 'Neutral', 'phir': 'Neutral', 'time': 'Neutral', 'ravi': 'Neutral', 'season': 'Neutral', 'economy': 'Neutral'}"
@TanmayBhatYT & The OG Gang REACT To MAAMLA LEGAL HAI! ğŸ˜‚ | Netflix India,Jenelia De'souza ğŸ«¢,jenelia desouza,Jenelia Desouza,0.0,Neutral,['Jenelia'],[],{}
@TanmayBhatYT & The OG Gang REACT To MAAMLA LEGAL HAI! ğŸ˜‚ | Netflix India,3:44 SBI to Supreme Court,sbi supreme court,SBI Supreme Court,0.5574,Positive,"['SBI', 'Supreme']",[],{}
@TanmayBhatYT & The OG Gang REACT To MAAMLA LEGAL HAI! ğŸ˜‚ | Netflix India,I was just thinking this morning that Netflix should get Tanmay to watch this and here it is. Isi ko shastron mein manifestation kaha gaya hai,thinking morning netflix get tanmay watch isi ko shastron mein manifestation kaha gaya hai,Thinking Morning Netflix Gate Tanmay Watch is called Manifestation in the scriptures,0.0,Neutral,"['Thinking', 'Morning', 'Netflix', 'Gate', 'Tanmay']",['scriptures'],{'scriptures': 'Neutral'}
@TanmayBhatYT & The OG Gang REACT To MAAMLA LEGAL HAI! ğŸ˜‚ | Netflix India,Nidhi razdan,nidhi razdan,Fund razadan,0.0,Neutral,['Fund'],['razadan'],{'razadan': 'Neutral'}
@TanmayBhatYT & The OG Gang REACT To MAAMLA LEGAL HAI! ğŸ˜‚ | Netflix India,Kohrra dekho serious sardar mil jayenge,kohrra dekho serious sardar mil jayenge,"Look at Kohra, you will find Sirius Sardar",0.0,Neutral,['Sirius'],[],{}
@TanmayBhatYT & The OG Gang REACT To MAAMLA LEGAL HAI! ğŸ˜‚ | Netflix India,"Tanmay in his channel : lame joke-ğŸ¤£ğŸ¤£ğŸ¤£ğŸ¤£ğŸ¤£ğŸ¤£ğŸ¤£ğŸ¤£ğŸ¤£ğŸ¤£ğŸ¤£ğŸ¤£ğŸ¤£ğŸ¤£ğŸ¤£ğŸ¤£ğŸ¤£ğŸ¤£ğŸ¤£ğŸ¤£
Tanmay in netflix channel: funny showsğŸ™ğŸ™ğŸ™ğŸ™ğŸ™ğŸ™ğŸ™ğŸ™ğŸ™ğŸ™ğŸ™ğŸ™ğŸ™ğŸ™ğŸ™ğŸ™ğŸ™",tanmay channel lame joke tanmay netflix channel funny show,tanmay channel lame joke tanmay netflix channel funny show,0.3182,Positive,"['channel', 'lame', 'tanmay', 'netflix']",['show'],{'show': 'Neutral'}
@TanmayBhatYT & The OG Gang REACT To MAAMLA LEGAL HAI! ğŸ˜‚ | Netflix India,Abe phla scene hi galat hai . As a advocate ye morally and legal dono tarike se faltu writing galat facts pe hai,abe phla scene hi galat hai advocate ye morally legal dono tarike se faltu writing galat fact pe hai,Abe first scan is wrong. Advocate is on the wrong fact in both ways,-0.7351,Negative,['Abe'],"['fact', 'ways']","{'fact': 'Neutral', 'ways': 'Neutral'}"
@TanmayBhatYT & The OG Gang REACT To MAAMLA LEGAL HAI! ğŸ˜‚ | Netflix India,"jab iski audience badi ho jayegi , theatre me movie nahi , tanmay bhat ka reaction to the movie aayega.",jab iski audience badi ho jayegi theatre movie nahi tanmay bhat ka reaction movie aayega,"When its audience becomes bigger, the theater movie will not have a reaction movie of Tanmay Bhat.",0.0,Neutral,[],"['audience', 'theater', 'movie', 'reaction', 'movie']","{'audience': 'Neutral', 'theater': 'Neutral', 'movie': 'Neutral', 'reaction': 'Neutral'}"
@TanmayBhatYT & The OG Gang REACT To MAAMLA LEGAL HAI! ğŸ˜‚ | Netflix India,Indian Saul Goodman ğŸ˜‚ğŸ˜‚ğŸ˜‚,indian saul goodman,indian saul goodman,0.0,Neutral,"['indian', 'saul']",[],{}
@TanmayBhatYT & The OG Gang REACT To MAAMLA LEGAL HAI! ğŸ˜‚ | Netflix India,This series is lookingg lit now going to watch it..ğŸ˜‚â¤ğŸ”¥,series lookingg lit going watch,Series looking right watch,0.0,Neutral,[],"['Series', 'watch']","{'Series': 'Neutral', 'watch': 'Neutral'}"
@TanmayBhatYT & The OG Gang REACT To MAAMLA LEGAL HAI! ğŸ˜‚ | Netflix India,0:01 tanmays second channel ğŸ˜‚,tanmays second channel,Tanmays Second Channel,0.0,Neutral,"['Tanmays', 'Second']",[],{}
@TanmayBhatYT & The OG Gang REACT To MAAMLA LEGAL HAI! ğŸ˜‚ | Netflix India,"A very out of context thing to say, but muje kal tak TLDR ka meaning pata nhi tha, meine khudse kuch tinde ki sabji assume kr liya tha :)",context thing say muje kal tak tldr ka meaning pata nhi tha meine khudse kuch tinde ki sabji assume kr liya tha,I did not know the meaning of Taldar till yesterday from the contact,0.0,Neutral,[],"['meaning', 'yesterday', 'contact']","{'meaning': 'Neutral', 'yesterday': 'Neutral', 'contact': 'Neutral'}"
@TanmayBhatYT & The OG Gang REACT To MAAMLA LEGAL HAI! ğŸ˜‚ | Netflix India,5:25 tanmay and gang be like bilkul riks ni lene ka re baba ğŸ˜‚ğŸ˜‚,tanmay gang like bilkul riks ni lene ka baba,Baba wrote Tanmay Gangs to take Ricks Ni,0.0,Neutral,"['Tanmay', 'Ricks']",[],{}
@TanmayBhatYT & The OG Gang REACT To MAAMLA LEGAL HAI! ğŸ˜‚ | Netflix India,Ye toh bassi ki field h ğŸ˜‚ğŸ˜‚,ye toh basso ki field h,This is the field of Baso,0.0,Neutral,[],['field'],{'field': 'Neutral'}
@TanmayBhatYT & The OG Gang REACT To MAAMLA LEGAL HAI! ğŸ˜‚ | Netflix India,Mai dekhne ja rha hu,mai dekhne ja rha hu,I am going to see,0.0,Neutral,[],[],{}
@TanmayBhatYT & The OG Gang REACT To MAAMLA LEGAL HAI! ğŸ˜‚ | Netflix India,"Tanmay bhatt in & as - Donald Trump ğŸ˜‚ğŸ˜… 
Missed this ğŸ˜‚",tanmay bhatt donald trump missed,tanmay bhatt donald trump missed,-0.296,Negative,"['tanmay', 'bhatt', 'donald']",[],{}
@TanmayBhatYT & The OG Gang REACT To MAAMLA LEGAL HAI! ğŸ˜‚ | Netflix India,Tanmay and OG panel Makes Me watch Everything they post Even during ExamsğŸ˜‚......Ab Tanmay bhai ki wajah se subscription bhi lena padega dubarağŸ˜…,tanmay og panel make watch everything post even examsab tanmay bhai ki wajah se subscription bhi lena padega dubara,"Due to Tanmay Vog Panel Make Watch Everything Post and Examsab Tanmay Bhai, you will also have to take subscription again",0.0,Neutral,"['Tanmay', 'Vog', 'Everything', 'Examsab', 'Tanmay']",['subscription'],{'subscription': 'Neutral'}
@TanmayBhatYT & The OG Gang REACT To MAAMLA LEGAL HAI! ğŸ˜‚ | Netflix India,Netflix should have made Bassi (Honorary Advocate ğŸ˜‚) a part of the panel !,netflix made basso honorary advocate part panel,Netflix Made Basso Honorary Advocate Part Panel,0.34,Positive,"['Basso', 'Honorary', 'Advocate', 'Part']",[],{}
@TanmayBhatYT & The OG Gang REACT To MAAMLA LEGAL HAI! ğŸ˜‚ | Netflix India,"sad punjabi aadmi pe they could've plugged in Kohra , rookie mistake lol.",sad punjabi aadmi pe couldve plugged kohra rookie mistake lol,Saad Punjabi man Po Coldway Pluggad Fog Stop Mistake Lol,-0.6597,Negative,"['Saad', 'Punjabi', 'Po', 'Coldway', 'Pluggad', 'Fog', 'Stop', 'Mistake']",['man'],{'man': 'Neutral'}
@TanmayBhatYT & The OG Gang REACT To MAAMLA LEGAL HAI! ğŸ˜‚ | Netflix India,Abhi jake dekhta hun,abhi jake dekhta hun,I see jack now,0.0,Neutral,[],['jack'],{'jack': 'Neutral'}
@TanmayBhatYT & The OG Gang REACT To MAAMLA LEGAL HAI! ğŸ˜‚ | Netflix India,Tvf's one person's talent>>>>>>>>>> all these panelists combined,tvfs one person talent panelist combined,TVFS One Person Talent Panelist Combined,0.4215,Positive,"['TVFS', 'Person', 'Talent', 'Panelist']",[],{}
@TanmayBhatYT & The OG Gang REACT To MAAMLA LEGAL HAI! ğŸ˜‚ | Netflix India,Bhai Netflix ek ghost investigation wale ko bhi le aao sagar tiwari ya deepak verma koğŸ¤”ğŸ¤” usko bhi bhala ho jaye..,bhai netflix ek ghost investigation wale ko bhi le aao sagar tiwari ya deepak verma ko usko bhi bhala ho jaye,Brother Netflix also bring a ghost investigation to Sagar Tiwari or Deepak Verma.,-0.3182,Negative,"['Brother', 'Sagar', 'Deepak']","['ghost', 'investigation']","{'ghost': 'Neutral', 'investigation': 'Neutral'}"
@TanmayBhatYT & The OG Gang REACT To MAAMLA LEGAL HAI! ğŸ˜‚ | Netflix India,Indian Version of suits ğŸ˜‚ğŸ˜‚,indian version suit,indian version suit,0.0,Neutral,[],"['version', 'suit']","{'version': 'Neutral', 'suit': 'Neutral'}"
@TanmayBhatYT & The OG Gang REACT To MAAMLA LEGAL HAI! ğŸ˜‚ | Netflix India,9 min ke baad Tnmay ki shakal dekhiyo ğŸ˜…,min ke baad tnmay ki shakal dekhiyo,See Tanmay's Shakal after me,0.0,Neutral,[],[],{}
@TanmayBhatYT & The OG Gang REACT To MAAMLA LEGAL HAI! ğŸ˜‚ | Netflix India,This show is fantastic must watchâ¤,show fantastic must watch,show fantastic must watch,0.5574,Positive,[],[],{}
@TanmayBhatYT & The OG Gang REACT To MAAMLA LEGAL HAI! ğŸ˜‚ | Netflix India,Netflix bhai Hi kardena oo bhi ligali ğŸ˜‚,netflix bhai hi kardena oo bhi ligali,Netflix brother is the only one,0.0,Neutral,['Netflix'],['brother'],{'brother': 'Neutral'}
@TanmayBhatYT & The OG Gang REACT To MAAMLA LEGAL HAI! ğŸ˜‚ | Netflix India,phir bhi netflix ka subscription nahi lunga...,phir bhi netflix ka subscription nahi lunga,Still I will not subscribe to Netflix,0.0,Neutral,[],[],{}
@TanmayBhatYT & The OG Gang REACT To MAAMLA LEGAL HAI! ğŸ˜‚ | Netflix India,I want to ask how tamany is related to legal issues?? ğŸ˜®,want ask tamany related legal issue,Want ask tamany related legal issue,0.2023,Positive,[],"['tamany', 'issue']","{'tamany': 'Neutral', 'issue': 'Neutral'}"
@TanmayBhatYT & The OG Gang REACT To MAAMLA LEGAL HAI! ğŸ˜‚ | Netflix India,arey netflix mujhe v lelo video me,arey netflix mujhe v lelo video,Hey Netflix take me and video,0.0,Neutral,[],['video'],{'video': 'Neutral'}
@TanmayBhatYT & The OG Gang REACT To MAAMLA LEGAL HAI! ğŸ˜‚ | Netflix India,Yo yo yo welcome to tanmays 2nd channel,yo yo yo welcome tanmays nd channel,yo yo welcome tanmays nd channel,0.4588,Positive,"['yo', 'yo', 'welcome', 'nd']",['tanmays'],{'tanmays': 'Neutral'}
@TanmayBhatYT & The OG Gang REACT To MAAMLA LEGAL HAI! ğŸ˜‚ | Netflix India,Movie promote karne ka tarika thoda casual hai,movie promote karne ka tarika thoda casual hai,The way to promote the movie is a little casual,0.4779,Positive,[],"['way', 'movie', 'casual']","{'way': 'Neutral', 'movie': 'Neutral', 'casual': 'Negative'}"
@TanmayBhatYT & The OG Gang REACT To MAAMLA LEGAL HAI! ğŸ˜‚ | Netflix India,missing the real lawyer BASSI!,missing real lawyer basso,Missing Real Lawyer Basso,-0.296,Negative,"['Real', 'Lawyer']",[],{}
@TanmayBhatYT & The OG Gang REACT To MAAMLA LEGAL HAI! ğŸ˜‚ | Netflix India,"Soch raha tha ki kya likhu
Taki Netflix walo ka reply aa jaye ğŸ˜‚",soch raha tha ki kya likhu taki netflix walo ka reply aa jaye,Was wondering what to write so that the reply of Netflix people comes,0.0,Neutral,['Netflix'],"['reply', 'people']","{'reply': 'Neutral', 'people': 'Neutral'}"
@TanmayBhatYT & The OG Gang REACT To MAAMLA LEGAL HAI! ğŸ˜‚ | Netflix India,"as a lawyer i find it offensive how wrong the opening scene was, no lawyer would  convert a robbery case into decoity ....also, a wrong section can never be a ground for granting of bail, sections are often changed and amended when charge is framed",lawyer find offensive wrong opening scene lawyer would convert robbery case decoity also wrong section never ground granting bail section often changed amended charge framed,Lawyer Find Offensive Wrong Opening Scene Lawyer Would Convert Robbery Case Decoity also Wrong Section Never GROUND GROND GROND GRANTING BAIL SECTION OFEETEN CHANGED AMENGED Ameded Charge Framed,-0.7325,Negative,"['Offensive', 'Wrong', 'Opening', 'Scene', 'Robbery', 'Case', 'Wrong', 'GROUND', 'GROND', 'Charge']","['SECTION', 'OFEETEN']","{'SECTION': 'Neutral', 'OFEETEN': 'Neutral'}"
@TanmayBhatYT & The OG Gang REACT To MAAMLA LEGAL HAI! ğŸ˜‚ | Netflix India,Guys This is the Tanmay's main chennal.ğŸ”¥ğŸ˜,guy tanmays main chennal,Singing Tanmay: I channel,0.0,Neutral,['Singing'],[],{}
@TanmayBhatYT & The OG Gang REACT To MAAMLA LEGAL HAI! ğŸ˜‚ | Netflix India,baigan,baigan,Brinjal,0.0,Neutral,[],[],{}
@TanmayBhatYT & The OG Gang REACT To MAAMLA LEGAL HAI! ğŸ˜‚ | Netflix India,One of the worst and most typical show Iâ€™ve ever seen,one worst typical show ive ever seen,One Worst Typical Show IVE Ever Seen,-0.6249,Negative,[],[],{}
@TanmayBhatYT & The OG Gang REACT To MAAMLA LEGAL HAI! ğŸ˜‚ | Netflix India,Tanmay got a cut out of this whole show,tanmay got cut whole show,Tanmay Got Cut Whole Show,-0.2732,Negative,"['Tanmay', 'Got', 'Cut', 'Whole']",[],{}
@TanmayBhatYT & The OG Gang REACT To MAAMLA LEGAL HAI! ğŸ˜‚ | Netflix India,AUR HARWARD KAREN SE PHALE SOCH LENA...ğŸ˜‚ğŸ˜‚ğŸ˜‚,aur harward karen se phale soch lena,And think before harvesting,0.0,Neutral,[],['harvesting'],{'harvesting': 'Neutral'}
@TanmayBhatYT & The OG Gang REACT To MAAMLA LEGAL HAI! ğŸ˜‚ | Netflix India,these 2 rupee people ek show pe bik jate hai.,rupee people ek show pe bik jate hai,Rupee Peepal is sold on a show,0.0,Neutral,['Rupee'],['show'],{'show': 'Neutral'}
@TanmayBhatYT & The OG Gang REACT To MAAMLA LEGAL HAI! ğŸ˜‚ | Netflix India,Inn sabke upar se gaya hai khali Kullu ko samjh aaya hai...,inn sabke upar se gaya hai khali kullu ko samjh aaya hai,Khali Kullu has understood Khali Kullu from all these,0.0,Neutral,"['Khali', 'Khali']",[],{}
@TanmayBhatYT & The OG Gang REACT To MAAMLA LEGAL HAI! ğŸ˜‚ | Netflix India,Isse badhiya show nhi dekha maine,isse badhiya show nhi dekha maine,I did not see a better show than this,-0.3412,Negative,[],['show'],{'show': 'Neutral'}
@TanmayBhatYT & The OG Gang REACT To MAAMLA LEGAL HAI! ğŸ˜‚ | Netflix India,Harvard ki legal degree India me kaha valid hogi? Can any lawyer comfirm ?,harvard ki legal degree india kaha valid hogi lawyer comfirm,Harvard's legal degree India said Valid will be confirmed,0.128,Positive,[],['degree'],{'degree': 'Neutral'}
@TanmayBhatYT & The OG Gang REACT To MAAMLA LEGAL HAI! ğŸ˜‚ | Netflix India,"I binge watched it when it was released on Netflix.

Every character is soo well written and well played...

Comedy kahin bhi over nhi lagti. VD tyagi deserves his own show â¤

Must watch show hai bhai",binge watched released netflix every character soo well written well played comedy kahin bhi nhi lagti vd tyagi deserves show must watch show hai bhai,Binge Watched Released Netflix Every Character Sooo Well Played Comedy Kahin Bhi Nhi Lagti VD Tyagi deserves shows shows shows show MUST WATCH SHOW HAI BHAI BHAI,0.7184,Positive,"['Released', 'Character', 'Played', 'Comedy', 'Kahin', 'Bhi', 'Lagti', 'VD', 'SHOW']","['shows', 'shows', 'shows', 'show']","{'shows': 'Neutral', 'show': 'Neutral'}"
@TanmayBhatYT & The OG Gang REACT To MAAMLA LEGAL HAI! ğŸ˜‚ | Netflix India,Very Filtered Review,filtered review,Filted review,0.0,Neutral,[],['review'],{'review': 'Neutral'}
@TanmayBhatYT & The OG Gang REACT To MAAMLA LEGAL HAI! ğŸ˜‚ | Netflix India,Kis kis ke phone me Netflix install nhi hai ğŸ˜‚,ki ki ke phone netflix install nhi hai,Ki Ki Phone Netflix is not installed,0.0,Neutral,"['Ki', 'Ki', 'Phone']",[],{}
@TanmayBhatYT & The OG Gang REACT To MAAMLA LEGAL HAI! ğŸ˜‚ | Netflix India,Behtreeen show,behtreeen show,Great show,0.6249,Positive,[],['show'],{'show': 'Neutral'}
@TanmayBhatYT & The OG Gang REACT To MAAMLA LEGAL HAI! ğŸ˜‚ | Netflix India,nice one,nice one,nice one,0.4215,Positive,[],[],{}
@TanmayBhatYT & The OG Gang REACT To MAAMLA LEGAL HAI! ğŸ˜‚ | Netflix India,this show is actually good,show actually good,show actually good,0.4404,Positive,[],[],{}
@TanmayBhatYT & The OG Gang REACT To MAAMLA LEGAL HAI! ğŸ˜‚ | Netflix India,"I'm waiting session 2 ğŸ˜‚ğŸ˜‚ğŸ˜‚
Amazing session",im waiting session amazing session,Im Waiting Session Amazing Session,0.5859,Positive,"['Session', 'Amazing']",[],{}
@TanmayBhatYT & The OG Gang REACT To MAAMLA LEGAL HAI! ğŸ˜‚ | Netflix India,I'm confused tanmayğŸ˜‚which one is your main channel ğŸ˜…,im confused tanmaywhich one main channel,I'm confused tanmay which one main channel,-0.3182,Negative,[],"['tanmay', 'channel']","{'tanmay': 'Neutral', 'channel': 'Neutral'}"
@TanmayBhatYT & The OG Gang REACT To MAAMLA LEGAL HAI! ğŸ˜‚ | Netflix India,"The actor who played the judge's role in the first scene had also acted in TVF's Sapne vs. Everyone, where he played a negative role. His acting in that series was so good that now I'm thinking of filing a case against that judge.ğŸ˜‚",actor played judge role first scene also acted tvfs sapne v everyone played negative role acting series good im thinking filing case judge,Actor Played Judge Role First Scene also Accep Sapne vs Everyone Played Negative Role Acting Series Good Im Thinking Filing Case Judge,0.4588,Positive,"['Played', 'Judge', 'Role', 'First', 'Accep', 'Played', 'Negative', 'Role', 'Acting', 'Series', 'Filing', 'Case']","['Actor', 'Judge']","{'Actor': 'Neutral', 'Judge': 'Neutral'}"
@TanmayBhatYT & The OG Gang REACT To MAAMLA LEGAL HAI! ğŸ˜‚ | Netflix India,Itna bhus reaction diya h sabne ki kyu hai ye no1 trending show,itna bhus reaction diya h sabne ki kyu hai ye trending show,Why did everyone have given this trending show,0.0,Neutral,[],"['trending', 'show']","{'trending': 'Neutral', 'show': 'Neutral'}"
@TanmayBhatYT & The OG Gang REACT To MAAMLA LEGAL HAI! ğŸ˜‚ | Netflix India,my father is a litigation director and this series is so relatableğŸ˜­,father litigation director series relatable,Father Litigation Director Series Relatable,-0.2023,Negative,"['Father', 'Litigation', 'Director', 'Series']",[],{}
@TanmayBhatYT & The OG Gang REACT To MAAMLA LEGAL HAI! ğŸ˜‚ | Netflix India,Tanmay Netflix YouTube ki Doana hai ğŸ¤£ğŸ¤£ğŸ¤£,tanmay netflix youtube ki doana hai,Tanmay Netflix is the couplet of YouTube,0.0,Neutral,['Tanmay'],['couplet'],{'couplet': 'Neutral'}
@TanmayBhatYT & The OG Gang REACT To MAAMLA LEGAL HAI! ğŸ˜‚ | Netflix India,Agar Netflix ne ye comment ko pin nahi kiya toh kal se Subscription bandğŸ˜‚,agar netflix ne ye comment ko pin nahi kiya toh kal se subscription band,"If Netflix did not pin this comment, then the subscription closed from tomorrow",0.0,Neutral,[],"['comment', 'subscription', 'tomorrow']","{'comment': 'Neutral', 'subscription': 'Neutral', 'tomorrow': 'Neutral'}"
@TanmayBhatYT & The OG Gang REACT To MAAMLA LEGAL HAI! ğŸ˜‚ | Netflix India,Nidhi razdan Ã— Omar Abdullah,nidhi razdan omar abdullah,nidhi razdan omar abdullah,0.0,Neutral,"['nidhi', 'razdan', 'omar']",[],{}
@TanmayBhatYT & The OG Gang REACT To MAAMLA LEGAL HAI! ğŸ˜‚ | Netflix India,Tyagi ek vakeel hi nahi MP bhi haiâ¤ğŸ˜‚,tyagi ek vakeel hi nahi mp bhi hai,Tyagi is not only a lawyer but also,0.0,Neutral,[],['lawyer'],{'lawyer': 'Neutral'}
@TanmayBhatYT & The OG Gang REACT To MAAMLA LEGAL HAI! ğŸ˜‚ | Netflix India,Bassi should have been here ğŸ¥²ğŸŒš,basso,Basso,0.0,Neutral,[],['Basso'],{'Basso': 'Neutral'}
@TanmayBhatYT & The OG Gang REACT To MAAMLA LEGAL HAI! ğŸ˜‚ | Netflix India,Igragious kullu ğŸ˜‚ğŸ˜‚ğŸ˜‚,igragious kullu,igragious kullu,0.0,Neutral,[],[],{}
@TanmayBhatYT & The OG Gang REACT To MAAMLA LEGAL HAI! ğŸ˜‚ | Netflix India,Isse mast zindagi ho skti he kya jaha apko khud movie dekhne ka aur khud k h entertainment krane ka dusre ki or se paisa mile....,isse mast zindagi ho skti kya jaha apko khud movie dekhne ka aur khud k h entertainment krane ka dusre ki se paisa mile,Can this make a happy life where you get money from watching a movie yourself and you can entertain yourself.,0.7184,Positive,[],"['life', 'money', 'movie']","{'life': 'Neutral', 'money': 'Neutral', 'movie': 'Neutral'}"
@TanmayBhatYT & The OG Gang REACT To MAAMLA LEGAL HAI! ğŸ˜‚ | Netflix India,Netflix using the same Open mouth Vishal for thumbnail,netflix using open mouth vishal thumbnail,Netflix Using Open Mouth Vishal Thumbnail,0.0,Neutral,"['Open', 'Mouth', 'Vishal']",[],{}
@TanmayBhatYT & The OG Gang REACT To MAAMLA LEGAL HAI! ğŸ˜‚ | Netflix India,ab toh dekhna hi padega ğŸ˜€ğŸ’¯ğŸ‘ğŸ™„,ab toh dekhna hi padega,Now you have to see,0.0,Neutral,[],[],{}
@TanmayBhatYT & The OG Gang REACT To MAAMLA LEGAL HAI! ğŸ˜‚ | Netflix India,Tanmay new channel pe  23 million ho bhi gaye ğŸ˜‚ğŸ˜‚ğŸ˜‚,tanmay new channel pe million ho bhi gaye,Tanmay also became a million on new channel,0.0,Neutral,[],['channel'],{'channel': 'Neutral'}
@TanmayBhatYT & The OG Gang REACT To MAAMLA LEGAL HAI! ğŸ˜‚ | Netflix India,â¤love  â¤ from  kashmir â¤,love kashmir,love kashmir,0.6369,Positive,[],[],{}
@TanmayBhatYT & The OG Gang REACT To MAAMLA LEGAL HAI! ğŸ˜‚ | Netflix India,Should've got bassi lawyer,shouldve got basso lawyer,Should've Got Bassi Lawyer,0.0,Neutral,['Bassi'],[],{}
@TanmayBhatYT & The OG Gang REACT To MAAMLA LEGAL HAI! ğŸ˜‚ | Netflix India,"lol, Netflix paying Tanmya to hype it's substandard mediocre shows. and viewers falling for it miserably.",lol netflix paying tanmya hype substandard mediocre show viewer falling miserably,LOL NETFLIX Paying Tanmya Hype Substandard Mediocre show Viewer Falling Misrably,0.4466,Positive,"['LOL', 'NETFLIX', 'Paying', 'Tanmya', 'Hype', 'Substandard', 'Mediocre']",['show'],{'show': 'Neutral'}
@TanmayBhatYT & The OG Gang REACT To MAAMLA LEGAL HAI! ğŸ˜‚ | Netflix India,og gang's reaction (and ofcourse the show itself) successfully convinced me to finally watch the show. @netflixindia plz never stop inviting them for reactions,og gang reaction ofcourse show successfully convinced finally watch show netflixindia plz never stop inviting reaction,Og gang reaction ofcoures show successfully convined finally watch show netflixindia plz never stop inviting reaction,0.5308,Positive,['Og'],"['gang', 'reaction', 'ofcoures', 'show', 'netflixindia', 'reaction']","{'gang': 'Neutral', 'reaction': 'Neutral', 'ofcoures': 'Neutral', 'show': 'Neutral', 'netflixindia': 'Neutral'}"
@TanmayBhatYT & The OG Gang REACT To MAAMLA LEGAL HAI! ğŸ˜‚ | Netflix India,*no one can replace tanmayğŸ’¯ğŸ”¥*,one replace tanmay,One replace tanmay,0.0,Neutral,[],"['replace', 'tanmay']","{'replace': 'Neutral', 'tanmay': 'Neutral'}"
@TanmayBhatYT & The OG Gang REACT To MAAMLA LEGAL HAI! ğŸ˜‚ | Netflix India,When mismatched season 3 will come..... I am so excited for it can't wait,mismatched season come excited cant wait,Mismatched Season Come Excted Cant Wait,0.0,Neutral,"['Season', 'Come']",[],{}
@TanmayBhatYT & The OG Gang REACT To MAAMLA LEGAL HAI! ğŸ˜‚ | Netflix India,"under 20 commentss babyy
Netflix will like this if netflix loves tanmay",comment baby netflix like netflix love tanmay,Comment Baby Netflix Like Netflix Love Tanmay,0.7717,Positive,"['Baby', 'Netflix', 'Love']",['Comment'],{'Comment': 'Neutral'}
@TanmayBhatYT & The OG Gang REACT To MAAMLA LEGAL HAI! ğŸ˜‚ | Netflix India,12th here,th,Fold,0.0,Neutral,[],[],{}
@TanmayBhatYT & The OG Gang REACT To MAAMLA LEGAL HAI! ğŸ˜‚ | Netflix India,Second ğŸ¥ˆ,second,second,0.0,Neutral,[],[],{}
@TanmayBhatYT & The OG Gang REACT To MAAMLA LEGAL HAI! ğŸ˜‚ | Netflix India,ğŸ‘ˆğŸ‘ˆğŸ‘ˆğŸ‘ˆğŸ‘ˆğŸ‘ˆ kahani video,kahani video,Story video,0.0,Neutral,[],"['Story', 'video']","{'Story': 'Neutral', 'video': 'Neutral'}"
@TanmayBhatYT & The OG Gang REACT To MAAMLA LEGAL HAI! ğŸ˜‚ | Netflix India,Nice show ğŸ˜®ğŸ˜®ğŸ˜®ğŸ˜®,nice show,nice show,0.4215,Positive,[],['show'],{'show': 'Neutral'}
@TanmayBhatYT & The OG Gang REACT To MAAMLA LEGAL HAI! ğŸ˜‚ | Netflix India,Tanmay's second channel,tanmays second channel,Tanmays Second Channel,0.0,Neutral,"['Tanmays', 'Second']",[],{}
@TanmayBhatYT & The OG Gang REACT To MAAMLA LEGAL HAI! ğŸ˜‚ | Netflix India,First here,first,first,0.0,Neutral,[],[],{}
@TanmayBhatYT & The OG Gang REACT To MAAMLA LEGAL HAI! ğŸ˜‚ | Netflix India,Tanmay bhai,tanmay bhai,tanmay bhai,0.0,Neutral,[],[],{}
@TanmayBhatYT & The OG Gang REACT To MAAMLA LEGAL HAI! ğŸ˜‚ | Netflix India,Doggy,doggy,doggy,0.0,Neutral,[],[],{}
@TanmayBhatYT & The OG Gang REACT To MAAMLA LEGAL HAI! ğŸ˜‚ | Netflix India,First,first,first,0.0,Neutral,[],[],{}
